{
  "NodesId": 6,
  "EdgesId": 9,
  "Nodes": {
    "0": {
      "Id": 0,
      "Value": "5",
      "Coordinates": {
        "X": 0.254228771,
        "Y": 0.244238853,
        "Z": -2.28702569
      }
    },
    "1": {
      "Id": 1,
      "Value": "6",
      "Coordinates": {
        "X": -2.538218,
        "Y": 1.42144561,
        "Z": -3.05238986
      }
    },
    "2": {
      "Id": 2,
      "Value": "3",
      "Coordinates": {
        "X": -0.3820712,
        "Y": 0.263184667,
        "Z": -4.8482933
      }
    },
    "3": {
      "Id": 3,
      "Value": "4",
      "Coordinates": {
        "X": 3.37639022,
        "Y": 1.12183535,
        "Z": -4.203247
      }
    },
    "4": {
      "Id": 4,
      "Value": "2",
      "Coordinates": {
        "X": 2.14490867,
        "Y": -1.95693994,
        "Z": -8.660212
      }
    },
    "5": {
      "Id": 5,
      "Value": "1",
      "Coordinates": {
        "X": -2.87756014,
        "Y": 0.07645142,
        "Z": -7.799689
      }
    }
  },
  "AdjacentMtx": {
    "0": {
      "1": 9.0,
      "3": 6.0
    },
    "1": {
      "2": 2.0,
      "0": 9.0,
      "5": 14.0
    },
    "2": {
      "1": 2.0,
      "3": 11.0,
      "4": 10.0,
      "5": 9.0
    },
    "3": {
      "2": 11.0,
      "0": 6.0,
      "4": 15.0
    },
    "4": {
      "2": 10.0,
      "5": 7.0,
      "3": 15.0
    },
    "5": {
      "2": 9.0,
      "1": 14.0,
      "4": 7.0
    }
  }
}