{
  "globalColor": {
    "r": 0.1792453,
    "g": 0.1792453,
    "b": 0.1792453,
    "a": 0.784313738
  }
}