{
  "globalColor": {
    "r": 0.509804,
    "g": 0.509804,
    "b": 0.509804,
    "a": 0.7058824
  }
}