{
  "Root": {
    "Id": 0,
    "Value": 50,
    "LeftChild": {
      "Id": 1,
      "Value": 25,
      "LeftChild": {
        "Id": 2,
        "Value": 15,
        "LeftChild": null,
        "RightChild": null,
        "Coordinates": {
          "X": -2.190998,
          "Y": -5.3915205,
          "Z": 0.130000114
        }
      },
      "RightChild": {
        "Id": 3,
        "Value": 35,
        "LeftChild": null,
        "RightChild": null,
        "Coordinates": {
          "X": 0.5229139,
          "Y": -5.3915205,
          "Z": 0.130000114
        }
      },
      "Coordinates": {
        "X": -1.0681566,
        "Y": -2.3915205,
        "Z": 0.130000114
      }
    },
    "RightChild": {
      "Id": 4,
      "Value": 75,
      "LeftChild": null,
      "RightChild": null,
      "Coordinates": {
        "X": 1.561712,
        "Y": -2.3915205,
        "Z": 0.130000114
      }
    },
    "Coordinates": {
      "X": 0.169241637,
      "Y": 0.6084794,
      "Z": 0.130000114
    }
  },
  "NodesCount": 5
}