{
  "globalColor": {
    "r": 0.4156863,
    "g": 0.07450981,
    "b": 0.8313726,
    "a": 0.7058824
  }
}