{
  "globalColor": {
    "r": 0.1372549,
    "g": 0.9098039,
    "b": 0.6666667,
    "a": 0.7058824
  }
}