{
  "NodesId": 13,
  "EdgesId": 14,
  "Nodes": {
    "0": {
      "Id": 0,
      "Value": 0,
      "Coordinates": {
        "X": -3.36074376,
        "Y": 4.829422,
        "Z": 0.130000114
      }
    },
    "6": {
      "Id": 6,
      "Value": 0,
      "Coordinates": {
        "X": 4.156966,
        "Y": 2.19599533,
        "Z": 0.130000114
      }
    },
    "11": {
      "Id": 11,
      "Value": 0,
      "Coordinates": {
        "X": -0.4773927,
        "Y": -2.57372975,
        "Z": 0.130000114
      }
    },
    "8": {
      "Id": 8,
      "Value": 0,
      "Coordinates": {
        "X": -3.8928,
        "Y": -2.323091,
        "Z": 0.130000114
      }
    },
    "9": {
      "Id": 9,
      "Value": 0,
      "Coordinates": {
        "X": -3.59675074,
        "Y": 9.0,
        "Z": 0.0
      }
    },
    "10": {
      "Id": 10,
      "Value": 0,
      "Coordinates": {
        "X": -8.117309,
        "Y": -1.87,
        "Z": 0.130000114
      }
    },
    "12": {
      "Id": 12,
      "Value": 0,
      "Coordinates": {
        "X": -0.7943091,
        "Y": 0.500000238,
        "Z": 0.130000114
      }
    }
  },
  "AdjacentMtx": {
    "0": {
      "6": 0
    },
    "6": {
      "0": 0,
      "11": 0
    },
    "11": {
      "6": 0,
      "12": 0
    },
    "8": {},
    "9": {},
    "10": {},
    "12": {
      "11": 0
    }
  }
}