{
  "NodesId": 16,
  "EdgesId": 22,
  "Nodes": {
    "9": {
      "Id": 9,
      "Value": 0,
      "Coordinates": {
        "X": 1.0,
        "Y": 2.7,
        "Z": 0.130000114
      }
    },
    "8": {
      "Id": 8,
      "Value": 0,
      "Coordinates": {
        "X": 1.75,
        "Y": -1.6,
        "Z": 0.130000114
      }
    },
    "11": {
      "Id": 11,
      "Value": 0,
      "Coordinates": {
        "X": -0.02,
        "Y": -0.24,
        "Z": 0.130000114
      }
    },
    "12": {
      "Id": 12,
      "Value": 0,
      "Coordinates": {
        "X": -1.16,
        "Y": -1.98,
        "Z": 0.130000114
      }
    },
    "13": {
      "Id": 13,
      "Value": 0,
      "Coordinates": {
        "X": -1.66,
        "Y": 2.71,
        "Z": 0.130000114
      }
    },
    "14": {
      "Id": 14,
      "Value": 0,
      "Coordinates": {
        "X": -0.33,
        "Y": 3.64,
        "Z": 0.130000114
      }
    },
    "15": {
      "Id": 15,
      "Value": 0,
      "Coordinates": {
        "X": 1.14,
        "Y": 5.28,
        "Z": 0.130000114
      }
    }
  },
  "AdjacentMtx": {
    "9": {
      "8": 0,
      "11": 0
    },
    "8": {
      "9": 0,
      "12": 0
    },
    "11": {
      "9": 0,
      "13": 0,
      "14": 0
    },
    "12": {
      "8": 0,
      "13": 0
    },
    "13": {
      "12": 0,
      "11": 0
    },
    "14": {
      "11": 0,
      "15": 0
    },
    "15": {
      "14": 0
    }
  }
}