{
  "NodesId": 7,
  "EdgesId": 4,
  "Nodes": {
    "0": {
      "Id": 0,
      "Value": 0,
      "Coordinates": {
        "X": 3.88184357,
        "Y": 1.09945035,
        "Z": 0.130000114
      }
    },
    "1": {
      "Id": 1,
      "Value": 0,
      "Coordinates": {
        "X": -3.17073512,
        "Y": 2.01477575,
        "Z": 0.130000114
      }
    },
    "2": {
      "Id": 2,
      "Value": 0,
      "Coordinates": {
        "X": 2.5808413,
        "Y": 1.85868537,
        "Z": 0.130000114
      }
    },
    "3": {
      "Id": 3,
      "Value": 0,
      "Coordinates": {
        "X": -3.68891358,
        "Y": 0.5000001,
        "Z": 0.130000114
      }
    },
    "4": {
      "Id": 4,
      "Value": 0,
      "Coordinates": {
        "X": 0.342922568,
        "Y": 3.796575,
        "Z": 0.130000114
      }
    },
    "5": {
      "Id": 5,
      "Value": 0,
      "Coordinates": {
        "X": -2.20876265,
        "Y": 0.745168746,
        "Z": 0.130000114
      }
    },
    "6": {
      "Id": 6,
      "Value": 0,
      "Coordinates": {
        "X": -0.729554534,
        "Y": 0.5000002,
        "Z": 0.130000114
      }
    }
  },
  "AdjacentMtx": {
    "0": {},
    "1": {},
    "2": {
      "5": 0
    },
    "3": {
      "4": 0
    },
    "4": {
      "3": 0,
      "5": 0
    },
    "5": {
      "4": 0,
      "2": 0,
      "6": 0
    },
    "6": {
      "5": 0
    }
  }
}