{
  "NodesId": 5,
  "EdgesId": 7,
  "Nodes": {
    "0": {
      "Id": 0,
      "Value": "90",
      "Coordinates": {
        "X": -7.332872,
        "Y": 0.981296062,
        "Z": 5.884716
      }
    },
    "1": {
      "Id": 1,
      "Value": "0",
      "Coordinates": {
        "X": 5.338554,
        "Y": -1.7195015,
        "Z": 6.39240456
      }
    },
    "2": {
      "Id": 2,
      "Value": "89",
      "Coordinates": {
        "X": -1.69399214,
        "Y": -1.85057831,
        "Z": -6.29023647
      }
    },
    "3": {
      "Id": 3,
      "Value": "95",
      "Coordinates": {
        "X": -1.29145753,
        "Y": 1.34762335,
        "Z": 5.328111
      }
    },
    "4": {
      "Id": 4,
      "Value": "90",
      "Coordinates": {
        "X": -0.346414924,
        "Y": 0.8985262,
        "Z": -9.290722
      }
    }
  },
  "AdjacentMtx": {
    "0": {
      "1": 0,
      "4": 0,
      "3": 0
    },
    "1": {
      "0": 0,
      "3": 0,
      "4": 0
    },
    "2": {
      "3": 0,
      "4": 0
    },
    "3": {
      "2": 0,
      "1": 0,
      "0": 0
    },
    "4": {
      "0": 0,
      "2": 0,
      "1": 0
    }
  }
}